giant,dwarf,man,woman
238.5460604,124.1033349,179.9167455,159.490128
252.3925013,137.2762663,177.4160548,172.5584341
240.5449393,130.7928169,182.6644495,145.2999849
261.2371213,132.2964497,175.6021694,159.4580906
255.2598602,133.2282715,178.8599957,163.211875
261.8023241,118.3552109,156.8006734,171.7595345
252.6228281,118.668398,176.4506249,169.7206086
253.5608819,132.8391699,187.2618927,152.3782972
252.4734474,140.4670916,170.2729963,141.0429173
256.7780719,125.2402562,175.459686,174.3536131
249.7481588,129.402314,181.327835,161.986509
227.0193111,129.7241553,185.7602926,149.5679506
243.8114528,139.1353201,170.0503812,158.4672696
226.9218831,118.845869,191.7546838,155.9057529
238.2578919,131.8404462,188.5226149,162.823497
249.7416276,124.5398059,179.9804514,153.6983894
249.60839,132.3792434,189.8636294,168.9744379
259.2448217,124.7350079,176.2827044,148.7912663
252.3617054,121.9871911,192.4659444,154.1016795
239.6120593,120.3190053,189.0114873,159.7908652
237.1743814,137.9776026,169.5112454,152.2357462
276.1861832,123.040038,176.9058054,162.2676067
258.1714815,130.0217959,173.7811008,160.2794562
267.7175529,131.3622913,170.5914897,145.6844083
247.5296568,133.2217678,179.2435949,163.5976748
251.6262175,128.3952223,172.4172945,153.9622104
238.6751881,130.8182426,188.1114011,162.5893564
253.5161535,107.3479948,172.573105,162.8319252
252.6272809,118.03892,191.0443574,143.7266811
245.112331,143.0594321,175.2654727,162.3526049
251.7889726,145.3627675,184.7501898,162.4730373
241.1860465,130.6445202,189.1695351,151.7388787
268.8416799,136.8363187,163.906698,161.6184813
247.2400485,143.3435361,178.7695806,144.6429415
248.5183432,136.3622248,163.1530774,161.3758287
253.9217985,132.4195281,163.3516289,157.3333703
250.8574624,141.9029427,199.6011072,161.3568599
246.8313305,121.5317118,188.8606894,153.3714119
256.3913023,136.1185038,175.8933042,162.9278857
278.8247239,136.6667324,184.2847913,152.2419187
246.4371395,119.1958713,178.6276967,155.30377
240.1327349,134.9667147,167.3568411,176.7220116
254.1665815,119.1486796,175.0308263,146.1657077
258.5155212,111.0780651,183.2600008,156.7187949
234.5236416,138.5843021,159.827612,166.3668385
250.2758923,102.3735817,176.6157705,154.4127978
244.4701668,123.6846354,167.1065024,167.2315503
245.1943147,126.6483936,182.0084957,154.8698912
257.0640251,126.5855428,184.9170784,162.7449579
256.4098073,118.6784559,184.5300579,159.6740982
252.4203051,142.459681,198.2360055,160.4834454
251.148653,129.4003468,190.9634162,146.3340064
258.3249946,137.7150557,167.3698896,142.5270041
246.5211411,125.9303502,169.3772964,172.5015279
275.4746344,119.2802707,186.9242355,160.9482675
238.6169894,126.0908188,183.7964556,135.6100343
243.7063637,154.8503346,175.7808057,162.1558327
261.7107155,145.4095646,194.6296208,151.1541458
239.2337549,124.4354542,177.1135338,146.193921
258.7327509,136.6413565,194.2788358,152.9793611
260.1750792,119.1566538,157.481796,151.248749
239.9399782,137.0172673,169.0879482,167.9467805
241.6553471,128.0119242,183.8813883,189.0940437
252.2395995,143.752454,186.7023847,160.9242013
250.5298114,119.6736038,193.7274953,148.401084
244.5998507,127.4917944,187.5243781,171.0854958
251.0291902,127.1331008,158.7948842,152.8961436
262.4722266,115.5894598,184.9843458,140.5333107
253.2470964,141.9323417,166.579939,173.7471599
247.9228233,129.254205,171.993734,150.8253195
265.1357081,144.3528456,181.4068822,154.121811
248.6361635,138.4771204,183.0920245,159.9136161
232.8396947,123.4864334,172.6182009,146.7841203
241.3840396,115.427878,171.605897,170.8770175
241.2989781,125.6778228,179.1253657,157.7844204
248.7100214,129.1551889,166.187508,170.130065
269.1882473,121.5304895,161.1679569,144.767186
246.0254057,125.0406272,179.7232001,154.1760962
250.4121165,124.0351413,194.9884103,160.6906314
257.3197641,125.9808679,171.552244,151.7656771
273.3434547,140.8118066,187.1029484,169.9726168
260.1849125,125.7682984,164.3250955,164.4580492
239.4234134,139.7166224,202.1083244,156.2898144
249.8572593,139.48502,185.7944605,147.7857584
259.0424078,147.2144782,171.3098504,166.8993422
256.1236954,144.7160268,149.8117261,167.1009025
242.3965529,134.7499242,170.8387683,169.0235968
242.0241609,122.8333323,181.8159267,168.692005
256.4443749,149.6707097,177.1689924,167.995075
230.1721699,122.0014815,188.5138515,144.8145385
253.3343895,130.7790751,173.5424916,163.7393524
239.9965788,140.3738268,198.488018,128.3390494
254.3307174,121.9938967,189.328164,166.3778547
233.1597133,128.3608742,199.4049529,177.1080923
247.0071567,130.5944088,167.7426976,155.8576032
249.3833531,129.5904504,169.5676301,155.1140935
254.0568601,137.2009426,181.1149373,154.2219208
250.4758544,137.3449469,185.6774407,156.2285131
253.1732215,116.145953,180.5487848,154.8780883
249.8098189,133.8060267,181.2076074,155.4669649
256.1588143,126.3043949,164.055081,145.7608223
247.4377503,121.4970263,184.5676645,168.7813822
254.8283533,128.6146722,172.7757045,145.0918337
253.3768111,136.8535955,188.7949916,164.797963
250.4376022,128.6765607,176.8185113,154.4976559
236.2634405,124.1058102,184.1841479,146.0449529
253.6098314,112.8816664,179.5930305,162.5999741
253.0122514,116.8459548,177.8398545,153.9982354
248.0836311,161.0020476,193.7211332,168.1264848
266.0515873,136.9107346,164.4828668,171.4990185
238.1522838,121.108834,180.2361098,168.9297015
262.4629492,136.1080493,172.2373114,155.4465756
252.8781482,134.6541,189.0909357,156.0831474
247.5673352,141.5919594,169.5258348,169.7638463
242.889708,128.9512389,168.8318929,163.6609252
247.6899427,148.2071346,191.6550319,152.8811848
262.0749206,131.773367,187.4252858,154.4998311
228.3373375,130.1313694,182.4492111,163.1103395
244.9608456,141.8353122,174.7293676,158.6187635
265.4871822,142.2249777,181.07303,169.6279287
231.6019229,138.5764924,180.8012007,152.4304286
249.6245147,130.4612548,173.8693169,157.088379
245.6489966,132.0432272,187.6594267,162.1512135
259.7651267,128.8435213,199.6841097,172.8375359
259.6242271,126.0358541,183.1482772,168.5835086
243.7823157,126.1413305,197.99741,155.8818247
243.7474491,134.7096012,169.5846072,148.645191
252.1121397,130.044672,193.8475649,164.9183333
242.8838583,129.8344889,202.3583594,161.0116636
245.5745299,134.7588122,195.6046333,165.6084718
249.8514092,135.0372043,181.6970854,151.1269034
253.9252394,143.1865528,151.0804221,165.0262935
236.4628279,141.2830269,183.7340074,167.4209501
252.9657385,131.1925353,179.8617481,158.9763771
260.4704582,133.8813202,162.3174253,152.3580313
246.4613242,125.8550554,180.926007,177.4592438
250.3301859,138.4156298,168.4981091,158.5192755
260.2284279,148.295751,163.6969484,152.1222577
259.9968461,124.8537851,188.744612,161.8098218
233.95469,134.4159356,196.3391038,158.937767
241.9325514,143.8035442,196.1663586,170.558644
246.3749262,133.829467,190.561026,151.2643246
243.717544,131.5691199,177.2497578,165.9678106
256.0452554,129.4205616,194.6429799,145.4509908
239.9527432,126.0489523,176.9537693,165.7133782
244.9208269,129.7611995,176.5801475,149.9888724
252.7750902,140.5970483,201.3166942,175.1705493
258.8258261,131.1571538,176.5523845,158.6771929
246.0805778,129.7793247,191.0475883,162.0381024
235.9238143,141.4439111,176.4779792,169.1076485
239.3654126,128.583117,199.2712218,143.4181996
256.2326684,111.6043004,174.454287,164.5626001
252.2048541,122.9159889,182.9202038,168.287379
230.431583,125.7475223,175.9285405,163.961297
251.8178826,114.2270722,195.9523712,166.0420444
250.4887083,122.3806888,189.8570782,163.7896383
227.9025206,138.3728899,193.3107446,163.7790013
248.3370001,135.1891504,175.5375213,165.9330637
246.6363726,137.4864037,188.381971,159.1119273
256.3177256,145.3017159,181.6617117,157.319408
260.0109244,104.0457425,180.0807175,149.8932741
243.3181883,131.8466871,181.5112972,165.0063486
244.1888116,126.4486283,193.6823376,162.6902263
253.0708869,125.7467317,175.13911,164.2960278
252.4098854,129.5928562,176.0577455,161.1743595
250.8304207,123.9031272,189.6627575,147.0301298
246.4234289,129.1092663,172.0064304,160.627837
251.0546662,125.7610994,174.0252484,160.9551711
251.2875402,122.8494142,191.0184318,156.3010752
248.310513,116.3692616,168.1128486,171.3914213
258.2535822,131.7495311,183.8782357,169.7304908
248.2978959,118.5695476,151.2258051,152.2644621
252.4408616,129.7259318,176.1690853,163.000204
227.7358234,120.4935,168.8956028,174.4868082
255.3135614,120.4309128,176.2688309,171.3120927
244.8928612,137.9025782,172.7834388,168.2503751
266.4935944,132.1966993,179.2981474,156.1600442
249.4386773,130.7798854,176.1378776,180.0174611
241.5296896,137.3827855,177.5157594,145.9540946
241.5986234,135.7457494,163.8488328,141.4912595
245.4822485,114.9368693,190.3005038,159.3620793
234.1360607,121.3516421,185.0588587,153.5957431
260.6159895,139.6461206,183.5329762,167.3612467
237.9340147,134.7958595,180.7982721,147.3925705
239.1101664,143.744906,189.9365409,153.9502055
263.3414758,111.9532743,170.4404203,170.9944968
255.1158103,119.4832084,186.251065,164.9534432
247.8502806,132.3304177,166.1715032,166.3107465
258.5522717,132.928499,181.9227321,168.2806438
281.0768281,136.1014427,173.0820585,165.2283987
254.1327609,132.1399891,180.4558046,164.8721104
265.814995,135.0569928,166.7837384,170.2076227
251.5202648,144.9534727,181.6439921,157.2956372
261.6278163,120.3912988,173.9574083,151.0546902
247.4670252,138.2232784,184.7557452,166.2012613
251.1704479,163.2957539,200.0301398,149.8299474
237.5284295,120.5467411,174.7052479,175.9078579
249.5676231,143.2457871,192.0272758,167.5785132
232.3054675,121.4603466,170.3794709,158.770636
246.9594978,151.0789266,184.7350211,157.6560202
245.4263422,137.7389614,175.2650058,146.1235258
249.7479049,127.9967194,185.0620891,169.1634745
260.1932031,133.6805261,184.0748706,153.0951843
254.6911802,138.478476,194.6331759,161.1298547
242.7826759,139.0758146,178.8459278,164.6147952
233.8570809,142.9248087,166.0518214,160.2050245
257.5906387,135.1461355,185.9287912,173.0430898
238.1723165,129.654422,193.7791568,151.7535973
239.6332816,121.8618113,163.9089183,174.9388164
251.0166652,128.9632384,194.1376427,178.4437919
233.1097956,119.9825967,178.9314519,172.9093874
242.2882597,133.0548932,170.6412806,156.6835796
237.5988202,137.1984396,177.9398309,173.0144981
262.7638191,116.3787384,171.2755208,157.0910395
263.1172,141.8631133,198.9291913,153.6546751
246.3918536,136.1373014,187.5180677,153.324331
250.0545434,114.0528071,180.1804163,155.9718455
244.9506443,130.7207814,163.4574552,160.1100279
252.8710423,122.571358,164.875367,164.8094892
230.9452309,110.5844782,198.4616389,174.0693844
268.8709965,135.5612847,158.3093152,153.858191
264.0442187,141.8569296,179.9207505,167.6238706
262.594814,127.8542379,193.596909,151.6392568
255.9316015,134.2019818,163.9788124,145.409487
250.8449608,127.2245366,177.2369539,146.5437551
242.7848653,124.4365468,162.4574001,165.9020191
255.4844333,143.366122,181.5606087,155.9689523
248.572497,114.9572813,181.4456846,153.9605406
259.2171305,136.7978368,164.7888114,148.1198683
246.6966753,107.0803124,188.5728032,142.6649087
257.9687707,130.7527662,176.1776474,166.3172437
250.9203917,125.9728817,187.3345836,162.4214791
264.1400775,122.8571057,190.0240614,157.0110228
251.6356424,142.6845873,192.777797,167.1452551
236.9704153,125.7883695,172.2614223,159.3826305
218.4390947,122.6206543,201.6298202,146.7844027
243.7852246,131.4232774,176.2348027,167.7075446
250.920378,135.6578917,202.8374572,155.8184656
252.7690857,122.4672219,187.2098735,157.1384305
256.2896696,124.7322362,181.4144868,146.4116976
240.5657847,130.6342751,180.4826998,141.1891204
257.0636452,120.2398713,172.5641056,170.0460364
243.8566238,136.2525455,184.5555721,172.3257612
247.0950884,141.3983791,177.1417122,172.104783
251.7573682,136.5206201,181.0201739,163.8755193
258.4177123,143.6009182,190.1192453,152.6224607
243.6389827,144.4646935,182.4724613,174.9284428
263.1968332,138.7733601,183.064279,159.2298812
247.2348537,132.3988058,176.1665679,165.2388114
277.3627284,138.7000432,181.6481679,160.176532
267.8369357,112.9838277,178.8375887,163.7167463
259.2417587,128.6124542,182.3302961,158.0911486
264.86489,144.251032,184.6239944,154.3596416
236.7249263,129.5556385,192.7389797,130.9643849
242.5301745,130.6340974,196.2081984,162.4053678
243.1024405,128.828104,178.507707,163.1117197
245.0471982,137.6615333,175.4345004,165.629636
273.3132004,141.9486248,175.5789471,154.8015843
264.3412264,128.6102605,177.6349965,145.0658306
239.623388,133.8464235,183.984704,146.9926407
265.5438392,138.4357363,165.0228486,170.5169666
247.5575212,119.5361373,193.09331,165.8518731
241.4161572,126.149355,186.7072468,157.784761
241.5791711,130.7267136,177.8773799,147.7971908
235.111694,128.300958,188.0008674,156.5153785
255.3034626,131.6693804,183.9566327,165.6208968
239.9058214,149.7441019,178.9697208,145.1441918
249.4455102,128.7138542,184.8910235,155.1036826
261.4130607,138.726496,194.4253895,174.3292662
254.6048881,135.7161966,169.3038726,138.5951664
243.372415,135.5048683,174.3289263,162.1575613
250.3027249,112.6968857,172.2469994,155.0626698
246.9436973,126.8305578,165.9978681,147.3844833
264.6385193,134.9455083,189.5984866,166.0142805
244.7789905,121.3146721,183.7500078,169.608431
244.06285,129.5691697,179.816994,155.0996692
246.734266,141.2618109,198.4744528,168.8585767
252.9819306,129.8766309,194.0063046,159.1955395
253.7788651,150.8142243,165.2088518,159.1168827
249.4883618,140.8208092,194.1821461,149.5071309
248.355279,117.2251851,172.1589253,162.5174404
245.4228399,135.010277,170.9137654,167.0545189
250.7164036,114.0082132,189.9343552,149.7799544
240.6772104,114.3380336,175.6242456,163.917914
248.623042,120.3354997,188.4312186,159.4322484
243.4725233,137.0448875,195.6529391,153.5708898
266.854298,130.1183626,177.7457883,167.5676912
260.4054026,125.6747247,180.1781771,165.2748803
246.8054615,123.3029961,191.1346799,149.559822
259.7908917,144.6953057,180.2509306,164.724565
241.7531754,149.1395534,186.5741771,133.2678703
238.9967831,130.4425582,174.868987,147.6140601
252.0349664,124.958034,180.8979439,154.0155922
253.420364,127.7784849,199.8482225,171.6667089
246.3344985,121.2794209,174.1230502,152.9592804
244.8661693,117.6046202,170.3541376,141.0831504
273.341432,111.8700547,188.9376193,158.1288929
273.4744744,126.5501311,177.9171156,161.60936
250.7623309,125.1863076,177.1894948,143.0318843
252.4674446,116.2944645,170.6041952,178.4650863
242.3505898,135.6899056,183.2657,133.9913505
246.8585167,126.5262455,178.6399534,180.1242778
263.3230168,126.3425765,190.541028,150.3833707
263.1530891,136.352814,192.8664849,186.0596804
250.8828324,131.2278277,165.2341089,161.5800148
257.5921881,124.9747715,191.8546119,155.1891033
245.7577981,129.7423884,193.763309,136.8238557
236.2532337,127.249484,186.4288626,155.9487549
257.5372627,148.7233792,175.9577837,153.4905052
243.1205932,134.9770912,179.7824238,162.945043
265.5944024,142.0882758,173.8696187,151.0358889
256.3282997,118.9040331,193.2889999,156.5679411
261.432309,126.6295832,190.8385997,172.7892987
270.8513008,123.6539988,181.9003538,159.2987841
271.8877294,115.6452787,174.0900096,143.0001419
256.8644614,129.950328,169.8207676,153.8958561
245.7226532,143.8917313,169.9853863,177.8823521
251.8479524,134.4828285,169.0833771,174.3208717
255.7059724,137.3000597,174.6196927,141.9501642
258.6173478,127.4464097,171.7553396,168.5627699
240.0120026,127.4683746,183.0430985,152.9216724
261.793358,114.242999,184.8313271,168.0569879
239.5736673,149.4243083,180.9822819,167.0515863
238.4439926,125.4967876,180.2327113,144.3777501
255.1153608,125.8243007,178.2309246,150.3356337
251.2230954,140.5204928,185.6510105,156.1651038
235.4141147,114.1579671,172.3338233,159.9860568
232.2923748,137.9687076,164.1909064,150.0777139
252.7704636,110.8016275,175.3399669,171.0826444
244.2973601,135.7485924,170.1081483,163.385721
245.6092158,138.7503466,168.063684,161.9566829
251.9402757,132.8376535,177.2089172,164.349664
254.6810742,140.2607199,163.4473819,170.6345273
245.0491631,151.412659,195.5559418,149.4110665
250.9652005,117.4174531,169.5597517,148.3582415
273.247385,116.5950855,161.2945065,171.9740391
258.2780407,130.0666905,195.0079391,167.6174197
235.1442767,126.163378,201.9751294,156.242585
259.3659196,127.8338288,175.3254835,152.3811369
237.9127953,132.5466915,177.3183541,153.7620946
240.3330243,117.955781,180.1749214,162.8401541
253.6892203,128.1306715,167.3574968,159.6130136
251.1197567,130.800549,196.5341231,147.4503947
261.204269,125.2134982,181.0980869,147.6543993
261.5756629,122.9310343,170.5721579,158.604087
263.2520468,135.1256757,163.3288622,172.7482406
262.015836,126.8006967,188.3330776,159.9283393
262.3724798,121.5634708,140.1859753,172.8314462
260.5073104,133.1156004,176.3199793,158.9370115
259.4283266,120.8657901,169.4081011,153.3353098
243.708002,114.7285376,170.7132848,155.300154
249.906178,129.2971654,188.9091965,161.9490407
242.5964041,138.7590202,176.0186779,158.8380424
253.0019896,108.1794391,174.4394984,149.5331627
238.6403567,149.6426266,168.3439401,156.8135195
243.0653843,137.2312481,171.3327433,162.1952888
276.285233,142.1880813,174.0248488,154.6772123
257.7649426,133.5045448,172.1834507,146.2669913
259.712219,123.4173241,174.4747703,150.6168477
246.3092474,148.3170094,175.5713317,158.1302995
228.6455154,113.2604031,163.29131,175.8458749
262.7538187,125.8376609,172.782594,133.5043105
246.8419491,137.2464993,174.9760923,175.8576619
247.0860901,112.4122297,192.9220229,158.3936124
260.8779748,130.5344357,175.8447568,135.0732031
238.5456081,118.8467374,174.4018637,164.5439398
257.8481918,123.535691,181.5696819,152.0786226
253.2918608,147.4465748,176.6557839,163.5451963
241.3928878,123.7999836,167.6043199,162.885835
249.1561917,128.8972127,195.2466122,158.5213682
245.3366216,137.5382009,185.0267895,148.5181599
246.1535154,133.2714675,196.8505326,166.2307618
241.2336273,128.070251,184.0683692,155.8821986
256.7443855,130.5401851,178.348136,156.8398212
234.8717577,131.8523629,173.530205,178.8225522
251.9604917,133.281835,195.8607641,166.4715134
255.2188612,124.3413043,177.5884982,148.9501495
252.4850731,144.6337232,182.7296926,165.5262432
242.7646283,130.4834943,200.4593567,167.9963751
254.2956627,126.2009908,172.9101213,156.4902668
257.2005809,120.5869757,185.7621337,146.8900737
248.8452849,123.5061179,173.4118568,147.9615372
239.943903,133.9866032,160.469725,137.9347446
250.9047559,130.1280002,180.4702347,156.1551547
253.3401872,123.812866,182.6480489,159.3378022
246.0355347,136.7756738,186.4026298,169.0081584
254.6151804,119.1115865,185.2857101,149.9512416
254.226091,115.3412297,169.180258,151.8338976
248.3021829,133.6316813,157.9005696,171.9246611
271.5187474,126.9227438,171.0069466,152.7852852
249.055943,123.0983658,175.7849715,156.6867609
252.7632911,118.7719768,189.1301527,152.4908488
245.8859876,123.5529387,168.2334404,162.765239
243.5847302,139.1457516,173.6461568,188.3851545
254.306961,126.7643787,174.7013166,169.3667761
262.0293251,128.1671678,167.5159431,163.848327
263.9730577,131.987668,170.1616562,157.5436479
252.7018608,118.4401857,163.5000378,173.356463
251.8122326,116.9887367,181.1849724,176.1373561
246.2628409,124.7342837,162.6375197,165.4991196
241.3370497,144.0044198,188.7648065,144.6831006
243.1654941,145.1246882,174.8258405,152.5304579
261.2186754,130.0206877,194.757477,184.5296505
260.155491,130.6133317,181.2265134,142.376362
246.8038594,133.1655106,178.1279568,155.9652628
246.416772,125.1439852,167.883762,168.7940568
255.5329414,121.8754907,183.2761628,149.7336649
244.1750383,129.5181153,167.2840086,145.4326997
253.8191038,126.8527498,174.7926265,154.3385174
240.6027695,112.4817819,198.2200236,142.0515786
263.7510784,131.5970343,175.9530836,164.7574297
249.1315122,127.5205102,173.0844038,149.680424
257.6774136,152.5880014,190.7286019,165.5318067
248.8870423,133.8551395,163.9401348,154.4270327
238.366366,148.9566351,177.7527284,159.6312571
247.3971614,124.3820878,178.489699,142.4474485
270.194854,144.331554,158.3676545,153.6642993
262.0880418,117.2381815,173.8865657,159.7835818
259.8003944,130.5224089,184.3113084,151.9353014
242.6288888,137.0580597,180.0404674,152.8129029
256.8017746,150.6819674,180.3918076,165.5328764
249.3375792,140.2111595,173.1431811,159.3418266
240.3368452,122.551546,173.784142,148.6640159
249.8104769,145.2217004,182.1597787,158.7029341
263.761244,103.6659193,176.0971101,153.1235564
264.0056299,126.4380177,177.9406799,157.4638851
268.1620881,137.746816,187.1285499,150.3070116
236.8055646,120.5964604,177.6923293,154.577609
255.9183875,131.4737703,189.6581222,168.6304982
260.3642048,141.4816303,176.8710159,166.8482254
248.3511663,131.9536777,167.4200167,161.4887871
248.6782038,133.0254076,184.4634009,165.2456918
257.9427927,116.6055094,182.0116985,175.8429174
259.4025607,132.2863221,181.1835919,156.3050877
255.9517593,112.9461367,176.6659385,159.467667
248.165924,153.5782411,183.4907772,139.7892905
258.456498,119.3149093,182.7755699,155.6580308
239.8324357,135.7409225,184.3772953,177.5094254
251.7795813,125.4985473,172.9807882,172.3677659
257.3224009,134.7220921,170.0770716,165.1823394
255.2039863,138.7100827,183.8317132,155.9914013
257.722425,130.3500184,182.2110581,149.8272145
268.3629049,118.3218775,184.7535856,150.735938
233.5210341,130.4973656,188.1744433,173.790249
236.4604366,120.2937224,193.944964,159.0179602
242.8560878,115.7889211,171.3409317,154.8733721
253.4244789,106.9135808,178.0176635,176.5668139
249.6348065,132.4263856,194.6619245,157.3900843
255.8841697,133.0684133,183.2967232,145.9117418
242.1318122,140.0667754,178.409942,152.9725944
259.5476831,139.2411376,186.3355113,166.9244652
268.3974244,129.1094082,178.6153004,164.0826291
233.8448232,128.8487561,181.2390775,165.6517887
236.8956294,148.8772526,173.7719344,152.2948175
251.4644957,133.9399172,198.2381831,159.473111
248.4779307,117.8874877,182.5251802,154.3065137
245.5208621,128.8769171,186.8936986,129.4961379
252.1809824,131.4359265,169.871044,166.3052149
258.4905403,143.5463963,187.597391,163.0208145
243.868377,121.2735085,178.3540444,155.4749826
241.6504454,126.1668818,173.5095842,140.8817812
245.8452297,132.8885085,175.5094682,145.6122243
260.6532142,119.4206839,195.5501018,182.7520804
249.936023,129.4019222,205.1019884,169.5548083
266.2886073,123.8870259,184.7428253,164.7679999
255.672767,122.1219095,176.6147894,148.120506
264.0032967,125.7853253,186.321651,161.9804102
251.3487074,141.4685958,168.8398851,165.5269791
265.7133127,146.7633467,189.5889717,162.119657
251.8408257,140.8624781,189.7912701,152.9405274
247.7223075,145.0628005,150.2124976,159.8018597
274.233978,129.3265397,179.9566321,163.9973676
227.4836476,120.5488714,184.9560346,171.1284001
243.5500048,121.6824918,154.5623454,172.8967068
247.7076181,115.4664409,188.9715064,147.4274649
252.3349468,124.3864058,192.6221964,177.0286572
244.0745993,124.6358199,186.4508796,155.1586788
240.0968233,127.8710032,162.7036354,158.8407487
254.0076845,119.7580278,183.1594583,154.5842554
256.4919272,107.3482596,188.4910531,155.4718189
248.2432193,115.30481,180.22498,141.2607869
251.6541968,130.3249774,171.0805736,157.3501997
270.1630334,147.6037596,184.3053971,159.1379801
256.0999468,140.0805518,183.9706131,144.6063367
244.235245,135.4968138,172.7150045,158.4664321
257.7187363,114.8831377,187.7996672,156.4723086
242.0866312,153.7553545,181.7125385,150.0436511
260.9026985,113.1613939,178.8310725,173.9243857
236.7973784,130.4011492,174.9203016,162.8107159
251.9750828,123.3143492,186.478727,162.3967304
258.9904552,142.3766205,161.3292346,158.4329528
245.9026977,137.7902809,180.1863165,167.155037
246.4289041,138.398932,171.8652171,174.0603086
245.096704,136.1816104,163.610899,170.6487065
260.154638,144.5751344,171.8234945,148.9019646
239.1082388,124.2077023,189.5446131,141.6367978
263.3008315,116.6887042,168.4105566,153.0373916
241.9134166,137.0632307,179.6756739,168.0803938
234.0986369,139.9612419,182.8423682,156.534259
252.3353554,121.3890276,176.47975,160.1349647
237.6220013,127.7099864,180.5988065,167.0546053
254.7757139,135.3952503,156.7502339,142.4151215
243.8513473,128.0178136,168.69751,161.2041967
248.8498347,109.7764795,169.0617248,139.2463179
241.5793044,124.4546129,194.5078841,152.0403305
263.572771,117.73995,160.0017286,168.1166337
257.1831818,145.258664,182.6840762,176.3407069
239.0448099,147.7265303,163.8533127,163.1542539
245.6188597,129.6822515,191.6453656,154.1560994
243.8193638,125.2762075,182.4026096,160.5728773
235.7168318,129.539625,178.2783324,158.1666412
238.052488,110.3546509,180.761862,172.4140063
238.7862762,145.5721123,187.9749477,143.7611924
259.3295687,139.7327641,169.5560753,160.1045241
256.0021314,127.9321424,171.8896941,167.4492086
249.602629,117.0108932,174.5125708,165.2261523
261.1241169,142.2212345,186.8132852,147.9089292
251.379699,133.9747804,199.4423959,166.6332226
248.6090724,127.9398627,177.6366406,174.651328
251.0754594,136.5508488,171.2282715,167.0571852
250.2853679,129.1509492,184.4440849,156.1970307
251.7603699,121.8066224,186.9056331,170.2427721
252.7711537,140.7921089,169.6762623,157.023598
253.9612446,125.021419,169.0177247,161.2739034
241.3213092,136.9360661,190.989375,150.3694404
238.9252043,128.471444,175.9874761,178.7192656
241.8733851,136.0823161,183.4241041,167.834705
230.5809801,128.6315378,176.9360387,180.3428762
240.4666088,133.9562763,176.7984527,170.2697363
237.1379091,122.9753517,179.9685989,149.1669292
252.7841187,123.7412158,174.9502961,163.7101456
254.2381224,129.4321605,175.9566616,159.4268975
265.6495792,114.8199303,175.1616296,151.6690179
261.4579403,122.2563657,201.7434178,172.4766718
248.4947124,122.6420613,177.2320836,172.2722338
226.5129167,119.5450445,178.049003,181.4790217
253.1119426,136.6904859,191.6805548,143.2488367
244.4944066,130.5842511,158.2355263,165.4970968
237.0238614,143.9465529,193.433547,141.9780126
257.1228855,139.1531222,189.3361508,154.4842198
260.5618702,122.4122325,177.1773928,155.4498968
253.8782483,117.4389112,154.0638904,171.1118579
264.3429485,117.3049389,176.2566511,146.8043662
251.6091234,121.1416407,181.2175463,161.1416914
253.102748,117.2253868,191.6518648,151.3621238
235.2146074,122.8373114,174.2147041,148.7666401
249.6913625,132.0174674,170.8278599,164.6729927
246.990814,119.9517694,176.4075923,150.9350095
242.7264733,152.6145258,197.6408889,157.3337286
243.8386464,127.6651497,190.9778879,155.8156803
250.5594203,135.8908045,176.2794944,157.8088861
241.5993959,143.1705229,182.7158449,164.5116871
248.4003882,132.4847083,185.9549514,168.5934502
246.5918857,139.8113846,167.0412143,148.8274637
249.3865117,126.6957138,183.7698529,165.9232235
255.9606056,134.2483099,181.4478032,151.1945754
238.9153983,110.3683776,173.2278398,180.3807421
249.6434602,152.9826245,186.4584576,159.2870961
245.0052392,122.0568656,186.2696627,153.4538624
254.6068083,129.771279,188.7505997,149.7106213
238.5853775,121.6887164,174.5322282,160.3820333
246.03539,134.8374593,186.4844006,169.8400055
229.096305,135.8498877,183.4205791,155.6706862
253.8841672,125.5830667,194.1119163,169.7631058
247.2088893,123.9945125,188.4527433,167.304546
259.8449376,128.2709249,177.5225042,145.5629882
249.2633284,140.0690812,181.7650304,180.1019504
238.9404104,131.5634,168.4331186,172.1131217
253.5612054,125.3374718,178.8182747,157.5050143
242.0173916,129.4623685,202.7921764,158.9189519
255.7319017,139.2944986,186.9105999,154.9946504
242.1136262,143.5759509,169.4067145,158.3314077
239.30696,122.6053458,185.0995867,153.3314586
252.6882901,128.7144891,181.2462915,172.7968367
229.264865,129.4783441,170.3158421,152.7158665
268.3482786,134.3560796,172.3062996,152.978982
259.1947925,144.6631221,161.2026585,155.3093406
237.0667746,125.5683218,170.9615023,147.1110969
245.0424757,136.071981,180.3160122,148.397513
247.7835655,124.4786706,171.6470377,153.1526983
225.0831835,141.2470257,160.1265512,162.8926428
256.0144247,121.4008422,201.7793807,169.4557436
262.9334774,132.510289,170.7649121,167.8608791
241.4210047,125.1172012,178.4242566,168.0094064
262.1972399,130.6809928,178.7797879,157.5994675
251.3864999,152.1833799,184.9067399,147.5263855
260.8237239,129.7288319,184.7841206,154.2221186
259.6828641,144.200518,183.2975533,171.7018953
240.5274882,122.1379086,163.4041171,160.0536076
244.7177222,126.0859685,173.9236184,164.2969382
250.1484683,130.9199487,168.2628629,164.7121508
232.5986224,123.1136979,183.1692952,154.8076276
242.9472276,130.2877043,167.6423375,163.7383448
253.4411922,150.8909435,188.6968873,172.7024087
261.4701415,132.183134,174.0126007,162.8027458
264.7072874,149.3909538,198.3197815,165.4881581
250.2111716,138.8196793,175.047409,165.5005379
240.2827691,124.516834,174.8446216,141.0265592
256.6829923,148.1557441,188.7208236,162.928028
230.2421458,143.3834215,177.7985974,157.5403022
251.7690427,118.8411512,179.4175045,152.0460706
240.1937533,136.6933256,183.1734286,166.2698003
255.6474752,139.1625895,184.1668241,150.9939351
246.8319172,122.1764379,191.1366595,172.2975852
261.3759175,148.3569428,180.9253822,163.1359517
240.4801924,126.0400041,180.1601381,150.3322502
251.423904,131.6949769,185.5115368,157.0234852
262.2302415,115.6105754,174.1838514,166.343427
241.5409229,127.9470788,171.1182056,156.458871
251.3849358,122.0514308,184.3568003,161.5114349
243.5414731,127.1611564,169.3284474,161.1129995
268.0914034,139.0466973,180.0089345,159.4667952
251.6793685,126.8070561,193.6868291,173.8995037
253.0274154,133.3451313,173.7599403,158.2583195
243.530821,124.2896569,158.6700245,155.1509787
229.5887364,126.6352017,184.3124606,164.4074657
250.4402388,118.1931505,181.1933769,159.6742746
239.2312878,139.656138,179.6551912,164.7166929
249.2637189,140.4093204,180.7447397,160.746049
258.0315496,145.465387,180.1587335,159.3527618
236.9260631,121.6524015,195.7885901,146.7617386
248.2679751,140.4409348,182.9591434,161.687846
255.4394314,132.8913473,186.1007928,164.0322135
242.6182927,146.7666523,177.3909036,162.2456539
250.1422036,134.7627444,167.825751,158.8584949
250.4010664,134.5962175,177.3794546,167.3338524
236.7130865,134.9490943,184.1953342,148.8550817
246.3798976,134.3711974,181.2971174,156.6556291
257.2832428,138.938701,192.2711229,165.2093256
259.0211552,136.1266649,183.6730389,147.1716274
253.0360462,131.310755,163.4211506,156.2284931
254.6415535,131.5500449,184.3438711,134.186904
255.2146201,124.4669928,163.9482813,154.4600358
245.1777626,135.1836825,191.5665944,141.3808056
256.6446673,124.414592,199.5881705,167.6051607
229.1037131,107.9514082,181.9140288,168.1639226
252.4551026,144.2947476,184.3241466,166.7153785
250.6788221,119.6472382,183.4452412,150.5470311
251.4181704,121.6607983,163.5560502,157.1521904
250.5028028,134.2357259,166.6551356,151.6761073
251.7978209,126.5749481,166.7445654,165.778761
265.3952858,130.1045093,178.2912145,163.4484712
258.0144756,128.4789472,165.3082856,162.0010325
245.1826875,129.5954361,176.5162131,165.9610058
248.1240547,112.9382954,188.3529732,152.2698335
249.4196753,112.2358497,184.9989156,158.3127865
258.3836203,117.6390118,193.6620528,162.246783
263.5571543,124.5350118,170.4590142,152.3694428
244.5756496,134.9738019,168.2383983,151.7091406
248.2804089,113.2126038,181.9864993,169.5647718
231.056826,124.8306327,184.4789721,144.1192595
249.4023205,125.8952596,189.7770681,162.4914141
246.9552029,134.9867977,159.8036056,146.7491963
253.7675951,133.2653946,189.2461715,177.714751
245.4684058,138.2894075,174.3822217,165.3751079
254.7412316,140.4688107,157.7357693,140.4086749
243.1676859,143.067794,186.8051571,165.7277358
249.6353453,125.6743606,170.6551764,158.8081792
234.2992008,124.7091501,163.761423,142.069761
240.5658309,141.2400765,180.7872118,169.3617472
256.0188763,121.1114475,192.558954,150.6582409
247.9859361,125.6038767,183.1716174,158.0159728
229.550546,150.3045314,193.506349,155.3281758
244.2311141,119.0146906,172.9317866,164.3258106
254.487599,126.5419705,174.6649813,149.2139627
248.1130604,114.3096946,185.4897364,160.7312596
252.6641379,131.6013547,156.1539008,168.8495228
254.7381574,119.4381601,175.8527204,149.864629
261.261898,124.2838843,174.246428,150.9453802
261.4714726,136.4394648,195.6125814,157.6054195
256.6819174,135.9688296,168.698922,167.5327198
233.7420841,145.3922807,178.7694255,168.7454863
244.1402956,142.0311053,169.2313469,165.5432511
263.6193401,138.1851414,198.312419,143.4769265
267.0942655,150.3955611,197.9348554,158.5933434
245.8800524,125.7567176,168.1923427,175.8260849
242.1649346,127.5810787,181.9459975,161.7542568
250.753515,123.0875277,194.6263022,161.0435958
241.0680983,143.8171642,179.9326691,172.7060809
246.198923,122.5339543,181.5692844,156.9815272
256.7892694,137.3223751,168.8602101,156.0483096
255.7991566,119.2178509,174.2053936,178.0507046
256.1861601,122.7664412,170.3685547,143.9925412
247.9924164,126.7413661,209.2349882,184.9870287
245.2124695,133.9892803,166.0562899,166.211766
247.7068734,127.7492881,176.7102674,152.9709806
269.1405802,130.5245823,170.0165836,167.5660087
238.1716954,118.2264993,195.2202219,168.0112331
235.5206179,124.6717344,173.1159289,176.80645
254.9363818,134.9972577,169.6962218,159.7113161
233.9102164,136.206165,174.3451966,155.4617237
265.4877511,110.1500758,191.371789,173.9414441
246.5142834,150.0037833,186.383328,137.9794311
257.479859,121.3873086,177.2551671,167.3496866
245.0050447,117.7488993,166.9084674,154.0967103
255.7343824,136.7271707,204.2535721,158.0085071
258.5311452,139.8805941,188.6150531,156.4358035
246.6883747,127.2029207,171.1309968,163.6119118
249.2615182,124.0798011,182.6537891,161.5051883
232.4707522,138.4108596,195.3024988,141.2353135
260.3442972,131.9462981,184.5357464,169.6272497
245.7328289,142.7496199,171.0804812,170.1171506
250.1767344,119.6512072,174.7389405,161.0958771
247.9505141,148.0520745,179.8268811,170.2544385
249.7909692,134.2934237,182.9145518,184.7461765
239.4659625,135.5614835,178.1917998,156.1253361
236.7061923,126.4968501,181.3031066,164.3904618
241.4328086,142.4228149,188.311416,163.7071724
236.6547264,135.1974261,189.8150864,168.1328401
254.4637297,125.8860447,178.8967965,157.6297004
242.6679763,139.9534425,181.710814,152.0085039
270.4602789,145.7741936,165.5911092,161.1616568
266.0739434,134.9457822,189.6155447,166.9461166
261.5249267,127.6106942,176.5874502,170.3257152
240.7786865,152.2633973,210.3442728,160.7832838
255.0954269,137.5075621,189.2744668,164.9976743
244.2318975,144.097184,183.3760512,186.6613122
240.2568852,142.6088131,176.00336,164.1523989
253.9817741,136.2330803,166.5685082,154.142632
236.8731677,114.0054199,180.1550625,162.8842649
252.2859104,126.5878972,182.8587987,166.9543918
250.74976,125.0258572,172.8803095,151.4160619
268.8264911,124.9267999,186.7596128,166.2723488
244.9873181,139.5565842,168.6603832,157.8145406
228.9519731,119.3748605,179.9033411,146.7035057
250.0862908,122.5667513,176.2105363,140.5158013
242.4384641,135.7291546,167.8638324,164.6986995
232.2469915,130.6798621,174.26234,173.1834964
247.1634643,146.3359891,187.9437189,164.6125179
247.6995781,127.5868593,201.3842956,165.2467615
259.340733,125.8506579,187.1398307,164.8062746
237.8162931,137.7540226,175.3401375,159.2994808
266.0653467,136.0983044,171.605761,150.0290298
279.6288379,129.5603401,188.4367565,141.8179541
258.2516235,137.1823415,183.993858,176.3414511
252.875806,152.6471978,193.6107642,158.6880505
235.1770462,120.313953,173.8004165,162.6793362
252.2641063,141.8776316,185.8614119,171.7228635
256.9893821,130.1632482,185.3029549,153.5545188
269.0787302,118.7453086,173.0018816,163.6956283
255.1905185,112.0949007,198.4517414,155.8036554
239.1045192,118.3735802,195.724633,156.4459642
254.8985368,136.0124682,182.6758985,140.5497515
256.7119874,126.398237,194.7597962,151.3161501
243.4691768,127.1500835,168.621334,140.0192275
231.9924194,108.6322933,196.4845089,159.1590922
252.7502957,125.5794728,182.1130051,175.0027688
243.6110391,141.6214647,192.4992348,140.1596064
246.628825,139.0576079,170.1833033,155.2246132
252.9641446,133.3266071,168.2410857,143.6486867
250.1970004,136.5627401,176.0295005,141.9736726
266.518796,132.1529071,190.1908849,162.7580104
237.2273004,126.7174766,168.8383917,170.3001254
234.7969851,132.7687902,175.6074156,149.8066755
251.6198807,136.6187479,170.7442924,157.4448904
264.0306031,125.1418861,179.9063893,165.4690894
249.3039222,134.1532426,184.9723719,176.2127641
249.7917806,119.7765637,184.2413339,162.0022278
263.170162,133.9184388,167.8182782,154.8053302
251.5136606,135.4790223,186.8751541,159.982827
244.2981566,123.0207271,182.5684907,164.1523927
232.8805119,136.8598438,157.1255993,151.7558497
246.1300527,131.7485974,199.7076728,154.2091549
237.7247936,127.774883,194.8936596,168.4336877
267.2475871,126.7988944,177.7504757,173.4131084
245.9606655,130.0178955,173.0697926,172.8445711
243.8814175,129.7069917,168.7038321,164.0231703
240.2344794,137.0902871,174.3725674,154.7499436
240.6962067,133.5669701,189.8682543,160.0534769
253.1999902,119.6682721,180.1592337,173.0555427
239.8512876,147.8496866,186.6731902,157.0223343
226.7686465,124.704357,178.4248399,143.0319503
248.8345242,140.4759776,195.828239,169.7564447
250.9356696,132.1844736,172.2563576,165.1338424
252.7487547,129.9257266,194.3657901,161.8379952
252.1528969,116.4469241,172.4297887,163.1388786
250.2051773,129.924121,187.1806155,172.7314887
234.0043922,147.464053,182.8063661,143.332729
263.3184957,112.7548711,171.4800446,153.6559999
258.3524749,130.4811782,179.6049553,165.7792678
246.4686943,138.3888251,175.8235741,155.5722799
234.6175997,127.2156164,175.1045612,165.3681461
264.4614449,129.8224549,191.7534777,162.9021749
246.5397319,134.6723887,193.3002391,150.9000691
252.4463699,129.7368763,192.5060744,169.7920995
237.7143909,143.2019238,179.9657677,158.7264781
250.2416152,113.634116,183.4022064,161.4957546
244.1171193,145.6699852,168.5554336,157.7019314
256.8150605,128.1844761,180.28525,167.6379722
251.722293,147.937673,192.8579067,172.4413658
241.1398576,122.3886477,180.3378192,162.8371346
240.9695981,129.6328555,195.6932849,164.3435169
264.0246844,113.5904306,177.2967745,156.8784767
241.1219963,138.6470213,178.6985681,148.2732796
275.2864445,136.4696852,177.0017157,156.6659055
263.6380162,119.2678195,186.4622478,168.6185749
243.9133876,123.0046866,179.2573994,150.0576834
255.8041994,146.8186939,189.1996872,165.7885675
259.6943897,129.0409256,197.0591434,158.8558059
250.5915304,124.6074649,169.1580833,154.0915074
221.3088666,130.2739366,178.7160312,147.7744606
244.9629244,134.9137918,182.2298945,160.1836555
250.6652925,153.0031064,167.6494536,162.2047468
245.9081459,129.6496699,176.0457126,159.4394383
254.2475918,118.5612495,182.1418767,159.8712951
248.739995,132.6808994,171.4026803,174.0086381
240.9869135,132.1544072,185.9459504,156.1494981
240.4176549,110.9474141,187.6549411,163.6347135
256.0765358,122.7822104,189.4588716,170.9918533
255.6299552,120.6663731,177.4027616,177.0431312
241.4954331,138.8674434,166.5964924,164.6963292
248.2127503,115.6769628,182.1325456,151.0028194
251.6084194,123.3294238,168.1694659,150.5698601
227.6619187,140.7094975,174.0014203,156.5709509
245.3965262,147.9584255,186.3988133,181.7631241
245.4303174,142.5063657,192.1356254,167.433409
244.3715426,117.7728918,183.0946849,162.9049761
249.6373214,128.3899057,182.3915992,144.4817042
246.1322352,129.7734388,167.6582227,161.3750981
244.1767225,131.8592138,177.9729502,156.1674742
245.4843552,125.7677656,180.6028477,159.2356155
253.5770259,127.2525302,180.5771882,149.7634453
235.0622835,110.8661157,184.2528444,132.0458992
252.0874442,141.442661,180.325672,167.7419413
240.1810624,127.4028581,182.4760743,158.2512022
242.2103337,120.5306562,184.053752,172.3740469
241.0761627,116.5901208,194.1882954,144.909695
264.4765361,124.9918427,184.9635782,172.7087904
250.2626364,131.9663003,178.0631263,141.4354365
228.2413129,122.4417944,175.6941234,165.3309465
248.840285,133.0327399,176.5115687,168.4036033
234.1840503,140.2488098,183.7965651,144.8628258
253.8350927,133.4668591,178.3949398,169.4626007
234.8632322,132.5437644,188.6359778,145.2206909
259.0307039,139.0720947,187.1609077,169.0591432
260.3164192,125.5694581,194.8412586,155.4810836
268.0785441,122.6940514,192.9077675,169.2612725
248.5898981,132.9837817,194.006383,168.9479597
262.5236264,116.0282705,196.0050873,171.5509376
259.6160601,139.5830413,193.5357641,146.9539059
267.0189772,126.9076117,189.5347139,147.5267733
258.9139535,126.5986464,183.9946514,165.6522457
242.8283347,129.9633552,185.8501362,165.7984106
275.7340955,124.6030107,178.929164,160.9579365
248.4476174,128.0037579,171.3887643,168.8468223
244.0125142,161.5990871,201.3949057,173.498246
253.7189011,144.8098152,188.5148779,161.8318158
228.7275427,131.3840788,174.4322638,159.4226574
235.8631397,116.5520501,171.356626,159.7320695
261.6204887,147.2697226,190.1060095,154.5750026
249.7184386,124.9714569,193.2578569,164.6733989
240.3599331,134.282774,170.9594075,167.2272008
246.8011636,133.6297373,182.417591,154.8816436
242.5292251,123.4753912,182.3918665,151.1424089
247.402449,131.0222025,178.7542819,149.5267113
253.7437503,129.3488841,185.2457285,156.2849005
268.1102815,118.4347843,184.3197477,151.8450736
245.8406596,123.7429614,178.71027,173.1255345
253.098606,119.295374,187.668446,163.0817176
248.3931091,130.1768317,180.8728605,159.536321
253.2606641,119.1530251,179.7258003,156.8235471
259.2346385,135.3970175,181.8392484,173.6314529
250.0394683,136.3497507,178.8521625,158.2015508
252.0181725,124.3819316,172.0092879,169.0356713
266.2360666,136.3592447,180.9250156,155.2780841
249.1617533,128.3952556,179.7049391,166.7562903
241.5298941,130.3590207,201.8100993,154.1283834
253.3026549,116.3604971,187.3576754,150.5013773
245.6736861,133.2829504,182.3539273,156.5345551
227.532105,118.8601333,177.9159846,153.8707437
246.1161094,129.6930491,180.1440466,154.9110516
231.2121804,125.9057572,192.8962479,160.8085289
272.9947443,136.9458329,191.6080962,164.5861269
246.4809781,131.089216,175.5140063,170.5692654
244.2659679,136.0906428,170.8958883,154.9290092
258.7512568,123.1642584,167.6420752,166.8151825
247.5774542,135.900243,193.5500418,166.5114666
244.8899645,131.0754005,182.8597413,175.3870648
250.7635407,128.9508871,168.10614,145.4627959
247.0225294,116.9036447,180.6989604,157.557364
261.1436184,107.7911207,160.147399,173.1500085
253.6882854,117.2351174,163.2385968,149.2584983
248.0498817,143.311953,180.5511829,147.4305844
263.0714287,135.1438015,174.9882631,150.2700792
231.2623252,124.81121,180.6419202,164.7854774
246.5881373,137.0210486,183.9654879,160.836585
231.4065584,132.3619622,197.4709835,153.2525097
259.3583701,125.375911,185.2725441,135.4293082
239.6011724,148.0478163,163.8245922,144.1310407
240.7366739,127.4599303,171.50293,149.77374
245.206576,133.3954485,169.159278,151.70068
256.5696622,129.0605128,175.0599522,170.2177667
243.7493195,137.8425699,183.9038566,160.5116034
230.212101,109.841827,160.5209131,150.257834
241.7960433,104.7606365,197.5792674,147.42343
232.6207509,127.006675,188.3843257,148.9600859
268.4027084,130.3167607,193.452345,147.649524
264.7634583,133.2952054,169.0952961,157.4459394
244.9223567,123.924316,186.7454105,146.7184867
249.5309195,123.8681419,168.7492977,171.0741802
263.6603043,114.559497,170.4776913,165.5584339
245.20083,133.8346055,195.4221907,136.2448538
261.7767996,139.2292133,179.8251733,150.1949411
255.8019258,123.3052889,188.3394963,150.2450058
260.7411819,134.2313847,188.2735176,137.769464
245.1953247,137.1377868,191.8580821,171.3501273
246.740572,130.0085545,179.7768071,150.2646662
265.0967654,143.9020393,189.3088852,155.0949614
247.1396998,124.5012647,162.5261656,164.5680739
249.5983455,118.0989361,182.3972346,154.6819424
238.9348863,134.0047967,189.479426,171.8248975
250.6631422,126.3424604,181.9247754,162.6417844
256.8636634,120.8051427,175.1728095,164.6415439
268.4559486,122.2634665,189.2708845,156.5204669
260.9107018,120.2200146,177.5671133,157.1511746
255.6543187,131.1452198,184.4211532,165.0255841
245.4582682,125.777925,185.398544,185.4646288
257.3239557,118.2204093,179.8801074,158.6403634
250.5988295,140.0413822,176.5142719,166.4985626
255.8521132,128.5494838,179.8329822,152.7567058
236.5365223,124.1860024,168.7124355,140.6013529
223.2439983,120.4287791,169.637775,158.7409362
256.1826361,127.5670403,177.6189439,166.7627125
237.1447769,144.3623855,172.7405863,171.8924068
252.5328886,125.1311,173.071897,159.6294822
250.3745609,113.2852719,158.6794257,132.2460257
257.0982325,130.5543548,180.6632483,169.9530423
251.0662683,125.0287114,187.2731948,157.4953189
241.3891247,132.5536167,185.9164177,147.5621722
253.3692866,145.4682771,180.5144794,151.3069287
242.8783161,130.8478682,182.1688042,164.0721502
249.5338117,148.9715765,178.492869,139.3634308
259.5557453,147.5462616,185.1581758,158.769224
254.7681919,132.019556,185.9528649,155.1339726
249.4594455,138.4941003,168.8240575,151.7303104
259.845874,127.7753649,170.5736819,163.5990352
267.76348,132.4190381,184.2862366,156.640159
242.8718683,126.0307762,178.3724457,146.7917189
252.2668942,155.1757122,186.4312793,145.6529195
239.8878759,122.5020302,173.3069036,156.1926468
263.1140443,125.4004556,190.7796802,183.7496378
241.3524241,140.3337228,174.1362374,160.8733957
257.7672958,125.7983132,182.1242586,149.8323036
258.3799107,139.7779852,191.8106701,153.3191503
270.4433948,121.5158398,191.9881415,148.0293552
253.187709,139.2216923,185.1507688,189.3644938
232.4741323,116.6692296,172.1281027,154.6715774
269.2999456,127.2617755,175.3241096,162.0854187
245.2660525,144.5155972,169.6470474,169.7029247
259.017992,138.3685463,166.986274,154.8764583
229.6899752,132.2077783,174.7853522,145.3553592
249.876494,123.3419117,185.8800597,152.8934546
278.1446675,122.5124617,193.8665914,144.1143571
256.0845966,136.3413635,180.4377088,162.4151588
249.2626532,137.548519,188.0517952,163.225198
240.1072182,144.4005799,176.5139226,140.6445517
252.9364632,135.7663153,170.4972987,146.6433288
245.3895405,149.7487641,169.3114055,147.9363571
239.6346326,130.6016412,181.7563799,177.219469
234.2393252,119.1269021,183.4224892,146.4830546
240.3876491,123.5238843,173.5845255,167.3936711
230.7428827,109.4459942,162.2680066,154.2681589
240.7593116,132.4957181,190.467555,140.0738432
237.9994163,124.841591,184.5017413,146.8872622
249.001746,131.8792543,173.9511393,163.0880175
245.0716359,123.0173085,161.4182048,159.0900363
255.1910832,128.1445337,186.4689804,161.6133862
255.9936137,128.3132197,181.2901555,167.6548102
248.3494881,106.3665704,188.0617505,162.410378
239.4482032,144.155934,164.992717,155.6656292
253.8609582,133.4417853,201.8661252,151.705612
254.9855975,150.6276265,181.8623868,143.9416328
266.1826488,135.0621495,192.8305028,165.9359401
256.4347392,119.9192995,180.8137614,166.3518157
255.8995907,130.9798348,172.6480574,159.4733536
230.7700522,135.0327174,181.818939,168.2067954
271.2625332,146.2295896,192.8655005,136.899537
265.8588339,122.0578832,179.3224582,149.4783811
258.3300781,140.250098,175.7781932,170.8335007
266.3483293,119.5233118,178.3190486,144.8642042
248.2581534,137.7914742,166.5164476,151.6988101
253.8212934,139.6441424,159.7329358,151.5497654
257.9806771,136.6109881,176.8028141,144.9458635
265.6527539,133.7592043,178.1376817,144.1870856
264.6663014,136.5520768,168.6378917,158.2049663
256.3004996,134.7318633,197.6311793,152.0492482
269.8570434,133.8008299,192.1839948,178.3938266
252.1190424,118.5717567,196.1079939,157.8739765
232.5072192,134.4700532,202.4233073,144.4527454
256.0357163,135.6910613,173.9554983,150.6197667
248.1334565,126.8755307,173.013828,149.7784183
259.1604404,140.3039697,196.3953115,158.5297762
264.2352191,154.9381674,175.0134134,157.8722321
255.2450637,110.1799991,176.9445522,153.0967221
247.4696104,149.8019323,172.8754597,147.1671832
248.6824923,134.6475238,179.5177979,165.736301
263.3634209,116.1684485,166.4476022,154.8420393
234.2206934,114.5804769,185.9955305,162.1155336
257.0684239,136.4111983,177.1574061,157.7417022
239.3003003,146.4451067,172.1417596,157.6866666
